DATE,PRICE,EV,EVEBIT,MARKETCAP,PB,PE
10/2/2017,33.75,189137.5,14.4,167128.5,2.5,17.4
10/3/2017,33.849998,189632.7,14.4,167623.7,2.5,17.4
10/4/2017,33.439999,187602.4,14.3,165593.4,2.5,17.2
10/5/2017,33.59,188345.2,14.3,166336.2,2.5,17.3
10/6/2017,33.75,189137.5,14.4,167128.5,2.5,17.4
10/9/2017,33.759998,189187,14.4,167178,2.5,17.4
10/10/2017,33.549999,188147.1,14.3,166138.1,2.5,17.3
10/11/2017,33.59,188345.2,14.3,166336.2,2.5,17.3
10/12/2017,33.259998,186711.1,14.2,164702.1,2.5,17.1
10/13/2017,33.470001,187751,14.3,165742,2.5,17.2
10/16/2017,33.540001,188097.6,14.3,166088.6,2.5,17.3
10/17/2017,33.599998,188394.7,14.3,166385.7,2.5,17.3
10/18/2017,33.549999,188147.1,14.3,166138.1,2.5,17.3
10/19/2017,33.75,189137.5,14.4,167128.5,2.5,17.4
10/20/2017,34.25,191613.5,14.6,169604.5,2.6,17.7
10/23/2017,34.349998,192108.7,14.6,170099.7,2.6,17.7
10/24/2017,34.580002,193247.6,14.7,171238.6,2.6,17.8
10/25/2017,34.299999,191861.1,14.6,169852.1,2.6,17.7
10/26/2017,34.27,191712.5,14.6,169703.5,2.6,17.7
10/27/2017,34.43,192504.8,14.6,170495.8,2.6,17.7
10/30/2017,34.040001,190573.6,14.5,168564.6,2.5,17.5
10/31/2017,34.150002,191118.3,14.5,169109.3,2.6,17.6
11/1/2017,34.619999,193445.7,14.7,171436.7,2.6,17.8
11/2/2017,34.209999,191415.4,14.6,169406.4,2.6,17.6
11/3/2017,34.470001,192702.9,14.7,170693.9,2.6,17.8
11/6/2017,34.41,192405.8,14.6,170396.8,2.6,17.7
11/7/2017,34.400002,192356.3,14.6,170347.3,2.6,17.7
11/8/2017,34.5,192851.5,14.7,170842.5,2.6,17.8
11/9/2017,34.049999,190623.1,14.5,168614.1,2.5,17.5
11/10/2017,33.990002,190326,14.5,168317,2.5,17.5
11/13/2017,33.950001,190127.9,14.5,168118.9,2.5,17.5
11/14/2017,34.040001,190573.6,14.5,168564.6,2.5,17.5
11/15/2017,34.110001,190920.2,14.5,168911.2,2.6,17.6
11/16/2017,35.880001,199685.2,15.2,177676.2,2.7,18.5
11/17/2017,35.900002,199784.2,15.2,177775.2,2.7,18.5
11/20/2017,36.5,202755.4,15.4,180746.4,2.7,18.8
11/21/2017,36.650002,206063.8,15.6,181183.8,2.8,18.7
11/22/2017,36.450001,205075,15.5,180195,2.7,18.6
11/24/2017,36.490002,205272.8,15.6,180392.8,2.8,18.6
11/27/2017,36.869999,207151.3,15.7,182271.3,2.8,18.8
11/28/2017,37.73,211402.9,16,186522.9,2.8,19.3
11/29/2017,37.48,210167,15.9,185287,2.8,19.1
11/30/2017,37.299999,209277.1,15.9,184397.1,2.8,19
12/1/2017,37.599998,210760.2,16,185880.2,2.8,19.2
12/4/2017,37.720001,211353.4,16,186473.4,2.8,19.3
12/5/2017,37.310001,209326.5,15.9,184446.5,2.8,19.1
12/6/2017,37.41,209820.9,15.9,184940.9,2.8,19.1
12/7/2017,37.400002,209771.5,15.9,184891.5,2.8,19.1
12/8/2017,37.610001,210809.6,16,185929.6,2.8,19.2
12/11/2017,37.959999,212539.9,16.1,187659.9,2.9,19.4
12/12/2017,37.91,212292.7,16.1,187412.7,2.9,19.4
12/13/2017,38.150002,213479.2,16.2,188599.2,2.9,19.5
12/14/2017,37.900002,212243.3,16.1,187363.3,2.9,19.4
12/15/2017,38.189999,213676.9,16.2,188796.9,2.9,19.5
12/18/2017,38.48,215110.6,16.3,190230.6,2.9,19.6
12/19/2017,38.299999,214220.7,16.2,189340.7,2.9,19.6
12/20/2017,38.740002,216395.9,16.4,191515.9,2.9,19.8
12/21/2017,38.529999,215357.8,16.3,190477.8,2.9,19.7
12/22/2017,38.549999,215456.6,16.3,190576.6,2.9,19.7
12/26/2017,38.48,215110.6,16.3,190230.6,2.9,19.6
12/27/2017,38.560001,215506.1,16.3,190626.1,2.9,19.7
12/28/2017,38.59,215654.4,16.3,190774.4,2.9,19.7
12/29/2017,38.299999,214220.7,16.2,189340.7,2.9,19.6
1/2/2018,38.860001,216989.2,16.4,192109.2,2.9,19.8
1/3/2018,39.169998,218521.7,16.6,193641.7,3,20
1/4/2018,38.990002,217631.8,16.5,192751.8,2.9,19.9
1/5/2018,39.529999,220301.4,16.7,195421.4,3,20.2
1/8/2018,39.939999,222328.3,16.9,197448.3,3,20.4
1/9/2018,39.689999,221092.4,16.8,196212.4,3,20.3
1/10/2018,39.91,222180,16.8,197300,3,20.4
1/11/2018,40.099998,223119.2,16.9,198239.2,3,20.5
1/12/2018,40.869999,226925.8,17.2,202045.8,3.1,20.9
1/16/2018,40.540001,225294.4,17.1,200414.4,3.1,20.7
1/17/2018,41.200001,228557.2,17.3,203677.2,3.1,21
1/18/2018,41.299999,229051.6,17.4,204171.6,3.1,21.1
1/19/2018,41.290001,229002.2,17.4,204122.2,3.1,21.1
1/22/2018,41.66,230831.3,17.5,205951.3,3.1,21.3
1/23/2018,42.099998,233006.5,17.7,208126.5,3.2,21.5
1/24/2018,42.169998,233352.5,17.7,208472.5,3.2,21.5
1/25/2018,41.900002,232017.8,17.6,207137.8,3.2,21.4
1/26/2018,42.560001,235280.6,17.8,210400.6,3.2,21.7
1/29/2018,42.849998,236714.2,17.9,211834.2,3.2,21.9
1/30/2018,42.25,233748,17.7,208868,3.2,21.6
1/31/2018,41.540001,230238.1,17.5,205358.1,3.1,21.2
2/1/2018,41.700001,231029,17.5,206149,3.1,21.3
2/2/2018,40.93,227222.5,17.2,202342.5,3.1,20.9
2/5/2018,38.779999,216593.7,16.4,191713.7,2.9,19.8
2/6/2018,40.169998,223465.3,16.9,198585.3,3,20.5
2/7/2018,40.34,224305.7,17,199425.7,3,20.6
2/8/2018,38.77,216544.2,16.4,191664.2,2.9,19.8
2/9/2018,39.529999,220301.4,16.7,195421.4,3,20.2
2/12/2018,40.599998,225591.1,17.1,200711.1,3.1,20.7
2/13/2018,41.23,228705.5,17.3,203825.5,3.1,21.1
2/14/2018,42.09,232957.1,17.7,208077.1,3.2,21.5
2/15/2018,44.080002,242794.9,18.4,217914.9,3.3,22.5
2/16/2018,44.330002,244030.8,18.5,219150.8,3.3,22.6
2/20/2018,44.060001,234001.8,17.3,212259.8,4.1,-146.9
2/21/2018,43.310001,230388.7,17.1,208646.7,4,-144.4
2/22/2018,42.939999,228606.2,16.9,206864.2,4,-143.2
2/23/2018,44,233712.8,17.3,211970.8,4.1,-146.7
2/26/2018,45.360001,240264.6,17.8,218522.6,4.2,-151.2
2/27/2018,45.040001,238723,17.7,216981,4.2,-150.2
2/28/2018,44.779999,237470.4,17.6,215728.4,4.2,-149.3
3/1/2018,43.799999,232749.3,17.3,211007.3,4.1,-146
3/2/2018,44.060001,234001.8,17.3,212259.8,4.1,-146.9
3/5/2018,44.52,236217.9,17.5,214475.9,4.1,-148.4
3/6/2018,44.290001,235109.8,17.4,213367.8,4.1,-147.7
3/7/2018,44.200001,234676.3,17.4,212934.3,4.1,-147.4
3/8/2018,44.34,235350.7,17.4,213608.7,4.1,-147.8
3/9/2018,45.369999,240312.8,17.8,218570.8,4.2,-151.3
3/12/2018,45.549999,241179.9,17.9,219437.9,4.2,-151.9
3/13/2018,45.16,239301.1,17.7,217559.1,4.2,-150.6
3/14/2018,45.279999,239879.2,17.8,218137.2,4.2,-151
3/15/2018,45.330002,240120.1,17.8,218378.1,4.2,-151.1
3/16/2018,45.009998,238578.5,17.7,216836.5,4.2,-150.1
3/19/2018,44.27,235013.5,17.4,213271.5,4.1,-147.6
3/20/2018,44.369999,235495.2,17.5,213753.2,4.1,-147.9
3/21/2018,44.310001,235206.2,17.4,213464.2,4.1,-147.7
3/22/2018,43.07,229232.5,17,207490.5,4,-143.6
3/23/2018,42.419998,226101.1,16.8,204359.1,3.9,-141.4
3/26/2018,44.060001,234001.8,17.3,212259.8,4.1,-146.9
3/27/2018,42.68,227353.6,16.9,205611.6,4,-142.3
3/28/2018,41.66,222439.8,16.5,200697.8,3.9,-138.9
3/29/2018,42.889999,228365.3,16.9,206623.3,4,-143
4/2/2018,41.009998,219308.4,16.3,197566.4,3.8,-136.7
4/3/2018,41.380001,221090.9,16.4,199348.9,3.8,-138
4/4/2018,41.200001,220223.7,16.3,198481.7,3.8,-137.4
4/5/2018,41.82,223210.6,16.5,201468.6,3.9,-139.4
4/6/2018,40.73,217959.5,16.2,196217.5,3.8,-135.8
4/9/2018,41.169998,220079.2,16.3,198337.2,3.8,-137.3
4/10/2018,42.509998,226534.7,16.8,204792.7,3.9,-141.7
4/11/2018,42.43,226149.3,16.8,204407.3,3.9,-141.5
4/12/2018,43.34,230533.2,17.1,208791.2,4,-144.5
4/13/2018,43,228895.2,17,207153.2,4,-143.4
4/16/2018,43.299999,230340.5,17.1,208598.5,4,-144.4
4/17/2018,44.59,236555.1,17.5,214813.1,4.1,-148.7
4/18/2018,44.630001,236747.8,17.6,215005.8,4.1,-148.8
4/19/2018,44.560001,236410.6,17.5,214668.6,4.1,-148.6
4/20/2018,44.09,234146.3,17.4,212404.3,4.1,-147
4/23/2018,44.25,234917.1,17.4,213175.1,4.1,-147.5
4/24/2018,43.740002,232460.2,17.2,210718.2,4.1,-145.8
4/25/2018,43.709999,232315.7,17.2,210573.7,4.1,-145.7
4/26/2018,44.209999,234724.4,17.4,212982.4,4.1,-147.4
4/27/2018,44.709999,237133.2,17.6,215391.2,4.1,-149.1
4/30/2018,44.290001,235109.8,17.4,213367.8,4.1,-147.7
5/1/2018,44.830002,237711.3,17.6,215969.3,4.2,-149.5
5/2/2018,43.860001,233038.3,17.3,211296.3,4.1,-146.2
5/3/2018,44.439999,235832.5,17.5,214090.5,4.1,-148.2
5/4/2018,45.299999,239975.5,17.8,218233.5,4.2,-151
5/7/2018,45.73,242047.1,17.9,220305.1,4.2,-152.5
5/8/2018,45.709999,241950.7,17.9,220208.7,4.2,-152.4
5/9/2018,46.040001,243540.5,18.1,221798.5,4.3,-153.5
5/10/2018,46.299999,244793.1,18.1,223051.1,4.3,-154.4
5/11/2018,45.93,243010.6,18,221268.6,4.3,-153.1
5/14/2018,45.700001,241902.5,17.9,220160.5,4.2,-152.4
5/15/2018,45.48,240842.7,17.9,219100.7,4.2,-151.6
5/16/2018,45.16,239301.1,17.7,217559.1,4.2,-150.6
5/17/2018,43.459999,231111.3,17.1,209369.3,4,-144.9
5/18/2018,43.209999,229906.9,17,208164.9,4,-144.1
5/21/2018,43.75,232508.4,17.2,210766.4,4.1,-145.9
5/22/2018,43.650002,226633.8,16.7,205280.8,4.4,-161.8
5/23/2018,43.68,226774.9,16.7,205421.9,4.4,-161.9
5/24/2018,43.57,226257.6,16.7,204904.6,4.4,-161.5
5/25/2018,43.259998,224799.7,16.6,203446.7,4.4,-160.3
5/29/2018,42.970001,223435.9,16.5,202082.9,4.3,-159.2
5/30/2018,42.849998,222871.5,16.4,201518.5,4.3,-158.8
5/31/2018,42.709999,222213.1,16.4,200860.1,4.3,-158.3
6/1/2018,43.66,226680.8,16.7,205327.8,4.4,-161.8
6/4/2018,43.580002,226304.6,16.7,204951.6,4.4,-161.5
6/5/2018,43.669998,226727.9,16.7,205374.9,4.4,-161.8
6/6/2018,44.259998,229502.6,16.9,208149.6,4.5,-164
6/7/2018,43.650002,226633.8,16.7,205280.8,4.4,-161.8
6/8/2018,43.48,225834.3,16.6,204481.3,4.4,-161.1
6/11/2018,43.689999,226821.9,16.7,205468.9,4.4,-161.9
6/12/2018,43.939999,227997.7,16.8,206644.7,4.4,-162.8
6/13/2018,44.009998,228326.9,16.8,206973.9,4.4,-163.1
6/14/2018,44.689999,231524.8,17.1,210171.8,4.5,-165.6
6/15/2018,44.25,229455.6,16.9,208102.6,4.5,-164
6/18/2018,44.209999,229267.4,16.9,207914.4,4.5,-163.8
6/19/2018,43.82,227433.3,16.8,206080.3,4.4,-162.4
6/20/2018,43.740002,227057.1,16.7,205704.1,4.4,-162.1
6/21/2018,43.16,224329.4,16.5,202976.4,4.4,-159.9
6/22/2018,43.200001,224517.5,16.5,203164.5,4.4,-160.1
6/25/2018,42.290001,220237.9,16.2,198884.9,4.3,-156.7
6/26/2018,42.549999,221460.7,16.3,200107.7,4.3,-157.7
6/27/2018,42.330002,220426,16.2,199073,4.3,-156.9
6/28/2018,42.939999,223294.8,16.5,201941.8,4.3,-159.1
6/29/2018,43.029999,223718,16.5,202365,4.3,-159.5
7/2/2018,42.810001,222683.4,16.4,201330.4,4.3,-158.7
7/3/2018,42.669998,222025,16.4,200672,4.3,-158.1
7/5/2018,42.560001,221507.7,16.3,200154.7,4.3,-157.7
7/6/2018,42.709999,222213.1,16.4,200860.1,4.3,-158.3
7/9/2018,42.669998,222025,16.4,200672,4.3,-158.1
7/10/2018,42.860001,222918.5,16.4,201565.5,4.3,-158.8
7/11/2018,42.57,221554.7,16.3,200201.7,4.3,-157.8
7/12/2018,43.580002,226304.6,16.7,204951.6,4.4,-161.5
7/13/2018,41.779999,217839.4,16.1,196486.4,4.2,-154.8
7/16/2018,42.5,221225.5,16.3,199872.5,4.3,-157.5
7/17/2018,42.34,220473,16.2,199120,4.3,-156.9
7/18/2018,42.209999,219861.7,16.2,198508.7,4.3,-156.4
7/19/2018,42.400002,220755.2,16.3,199402.2,4.3,-157.1
7/20/2018,42.009998,218921.1,16.1,197568.1,4.2,-155.7
7/23/2018,42.060001,219156.2,16.2,197803.2,4.2,-155.9
7/24/2018,42.389999,220708.2,16.3,199355.2,4.3,-157.1
7/25/2018,43.16,224329.4,16.5,202976.4,4.4,-159.9
7/26/2018,43.529999,226069.5,16.7,204716.5,4.4,-161.3
7/27/2018,42.57,221554.7,16.3,200201.7,4.3,-157.8
7/30/2018,42.169998,219673.6,16.2,198320.6,4.3,-156.3
7/31/2018,42.290001,220237.9,16.2,198884.9,4.3,-156.7
8/1/2018,41.860001,218215.7,16.1,196862.7,4.2,-155.1
8/2/2018,42.529999,221366.6,16.3,200013.6,4.3,-157.6
8/3/2018,42.830002,222777.5,16.4,201424.5,4.3,-158.7
8/6/2018,43.299999,224987.8,16.6,203634.8,4.4,-160.5
8/7/2018,43.580002,226304.6,16.7,204951.6,4.4,-161.5
8/8/2018,43.84,227527.4,16.8,206174.4,4.4,-162.5
8/9/2018,43.779999,227245.2,16.7,205892.2,4.4,-162.2
8/10/2018,43.779999,227245.2,16.7,205892.2,4.4,-162.2
8/13/2018,43.75,227104.1,16.7,205751.1,4.4,-162.1
8/14/2018,44,228279.8,16.8,206926.8,4.4,-163.1
8/15/2018,43.860001,227621.4,16.8,206268.4,4.4,-162.5
8/16/2018,45.16,233735.2,17.2,212382.2,4.6,-167.4
8/17/2018,45.869999,237074.2,17.5,215721.2,4.6,-170
8/20/2018,46.220001,238720.2,17.6,217367.2,4.7,-171.3
8/21/2018,45.779999,236651,17.4,215298,4.6,-169.7
8/22/2018,45.990002,237638.6,17.5,216285.6,4.6,-170.4
8/23/2018,46.02,237779.7,17.5,216426.7,4.6,-170.5
8/24/2018,46.32,239190.5,17.6,217837.5,4.7,-171.7
8/27/2018,46.59,240460.3,17.7,219107.3,4.7,-172.7
8/28/2018,46.950001,242153.3,17.8,220800.3,4.7,-174
8/29/2018,47.48,244645.9,18,223292.9,4.8,-176
8/30/2018,47.150002,243093.9,17.9,221740.9,4.8,-174.7
8/31/2018,47.77,246009.7,18.1,224656.7,4.8,-177
9/4/2018,47.73,245821.6,18.1,224468.6,4.8,-176.9
9/5/2018,47.27,243658.3,18,222305.3,4.8,-175.2
9/6/2018,47.279999,232767.7,16.6,216132.7,5,1964.8
9/7/2018,47.049999,231716.3,16.6,215081.3,5,1955.3
9/10/2018,47.07,231807.7,16.6,215172.7,5,1956.1
9/11/2018,47.029999,231624.8,16.6,214989.8,5,1954.5
9/12/2018,46.889999,230984.9,16.5,214349.9,5,1948.6
9/13/2018,47.240002,232584.8,16.6,215949.8,5,1963.2
9/14/2018,47.400002,233316.2,16.7,216681.2,5,1969.8
9/17/2018,47.110001,231990.6,16.6,215355.6,5,1957.8
9/18/2018,47.459999,233590.5,16.7,216955.5,5,1972.3
9/19/2018,47.279999,232767.7,16.6,216132.7,5,1964.8
9/20/2018,47.73,234824.8,16.8,218189.8,5.1,1983.5
9/21/2018,48.560001,238619,17.1,221984,5.1,2018
9/24/2018,48.439999,238070.4,17,221435.4,5.1,2013
9/25/2018,48.470001,238207.6,17,221572.6,5.1,2014.3
9/26/2018,48.41,237933.3,17,221298.3,5.1,2011.8
9/27/2018,48.330002,237567.6,17,220932.6,5.1,2008.5
9/28/2018,48.650002,239030.4,17.1,222395.4,5.1,2021.8
10/1/2018,48.869999,240036.1,17.2,223401.1,5.2,2030.9
10/2/2018,49.009998,240676.1,17.2,224041.1,5.2,2036.7
10/3/2018,49.139999,241270.4,17.3,224635.4,5.2,2042.1
10/4/2018,48.380001,237796.1,17,221161.1,5.1,2010.6
10/5/2018,48.130001,236653.3,16.9,220018.3,5.1,2000.2
10/8/2018,47.52,233864.8,16.7,217229.8,5,1974.8
10/9/2018,47.490002,233727.7,16.7,217092.7,5,1973.6
10/10/2018,45.630001,225225,16.1,208590,4.8,1896.3
10/11/2018,44.119999,218322.3,15.6,201687.3,4.7,1833.5
10/12/2018,45.709999,225590.7,16.1,208955.7,4.8,1899.6
10/15/2018,44.669998,220836.5,15.8,204201.5,4.7,1856.4
10/16/2018,45.82,226093.5,16.2,209458.5,4.8,1904.2
10/17/2018,45.939999,226642.1,16.2,210007.1,4.9,1909.2
10/18/2018,45.459999,224447.8,16.1,207812.8,4.8,1889.2
10/19/2018,45.34,223899.3,16,207264.3,4.8,1884.2
10/22/2018,45.759998,225819.3,16.2,209184.3,4.8,1901.7
10/23/2018,45.419998,224265,16,207630,4.8,1887.5
10/24/2018,44.07,218093.7,15.6,201458.7,4.7,1831.4
10/25/2018,45.470001,224493.6,16.1,207858.6,4.8,1889.6
10/26/2018,44.25,218916.5,15.7,202281.5,4.7,1838.9
10/29/2018,43.84,217042.3,15.5,200407.3,4.6,1821.9
10/30/2018,44.580002,220425.1,15.8,203790.1,4.7,1852.6
10/31/2018,45.75,225773.5,16.1,209138.5,4.8,1901.3
11/1/2018,45.650002,225316.4,16.1,208681.4,4.8,1897.1
11/2/2018,45.48,224539.3,16.1,207904.3,4.8,1890
11/5/2018,46.139999,227556.4,16.3,210921.4,4.9,1917.5
11/6/2018,46.5,229202,16.4,212567,4.9,1932.4
11/7/2018,47.900002,235601.9,16.9,218966.9,5.1,1990.6
11/8/2018,48.439999,238070.4,17,221435.4,5.1,2013
11/9/2018,47.110001,231990.6,16.6,215355.6,5,1957.8
11/12/2018,45.619999,225179.3,16.1,208544.3,4.8,1895.9
11/13/2018,45.119999,222893.6,15.9,206258.6,4.8,1875.1
11/14/2018,44.330002,219282.2,15.7,202647.2,4.7,1842.2
11/15/2018,46.77,230436.3,16.5,213801.3,4.9,1943.6
11/16/2018,46.349998,228516.3,16.3,211881.3,4.9,1926.2
11/19/2018,45.75,225773.5,16.1,209138.5,4.8,1901.3
11/20/2018,44.490002,217179.3,14.6,200025.3,4.6,158.1
11/21/2018,44.889999,218977.7,14.7,201823.7,4.6,159.5
11/23/2018,44.540001,217404.1,14.6,200250.1,4.6,158.3
11/26/2018,45.57,222035,14.9,204881,4.7,162
11/27/2018,46.119999,224507.8,15.1,207353.8,4.7,163.9
11/28/2018,47.290001,229768,15.4,212614,4.8,168.1
11/29/2018,47.34,229992.8,15.4,212838.8,4.9,168.3
11/30/2018,47.869999,232375.7,15.6,215221.7,4.9,170.1
12/3/2018,48.740002,236287.2,15.8,219133.2,5,173.2
12/4/2018,47.349998,230037.8,15.4,212883.8,4.9,168.3
12/6/2018,48.389999,234713.6,15.7,217559.6,5,172
12/7/2018,46.439999,225946.5,15.1,208792.5,4.8,165.1
12/10/2018,46.860001,227834.8,15.3,210680.8,4.8,166.5
12/11/2018,47.09,228868.8,15.3,211714.8,4.8,167.4
12/12/2018,47.419998,230352.5,15.4,213198.5,4.9,168.5
12/13/2018,47.470001,230577.3,15.5,213423.3,4.9,168.7
12/14/2018,45.82,223159,15,206005,4.7,162.8
12/17/2018,44.200001,215875.5,14.5,198721.5,4.5,157.1
12/18/2018,44.060001,215246.1,14.4,198092.1,4.5,156.6
12/19/2018,43.139999,211109.8,14.2,193955.8,4.4,153.3
12/20/2018,42.490002,208187.4,14,191033.4,4.4,151
12/21/2018,41.849998,205310,13.8,188156,4.3,148.7
12/24/2018,40.279999,198251.3,13.3,181097.3,4.1,143.2
12/26/2018,42.470001,208097.5,14,190943.5,4.4,150.9
12/27/2018,42.91,210075.7,14.1,192921.7,4.4,152.5
12/28/2018,42.77,209446.3,14,192292.3,4.4,152
12/31/2018,43.330002,211964,14.2,194810,4.4,154
1/2/2019,42.950001,210255.6,14.1,193101.6,4.4,152.6
1/3/2019,41.07,201803.1,13.5,184649.1,4.2,146
1/4/2019,42.919998,210120.7,14.1,192966.7,4.4,152.5
1/7/2019,43.209999,211424.5,14.2,194270.5,4.4,153.6
1/8/2019,43.560001,212998.1,14.3,195844.1,4.5,154.8
1/9/2019,43.32,211919.1,14.2,194765.1,4.4,154
1/10/2019,43.240002,211559.4,14.2,194405.4,4.4,153.7
1/11/2019,43.490002,212683.4,14.3,195529.4,4.5,154.6
1/14/2019,43.209999,211424.5,14.2,194270.5,4.4,153.6
1/15/2019,44.02,215066.2,14.4,197912.2,4.5,156.5
1/16/2019,43.959999,214796.5,14.4,197642.5,4.5,156.2
1/17/2019,44.209999,215920.5,14.5,198766.5,4.5,157.1
1/18/2019,45.029999,219607.2,14.7,202453.2,4.6,160
1/22/2019,44.779999,218483.2,14.6,201329.2,4.6,159.2
1/23/2019,45.459999,221540.4,14.9,204386.4,4.7,161.6
1/24/2019,45.610001,222214.8,14.9,205060.8,4.7,162.1
1/25/2019,46.130001,224552.7,15.1,207398.7,4.7,164
1/28/2019,45.75,222844.2,14.9,205690.2,4.7,162.6
1/29/2019,45.959999,223788.4,15,206634.4,4.7,163.3
1/30/2019,46.709999,227160.4,15.2,210006.4,4.8,166
1/31/2019,47.290001,229768,15.4,212614,4.8,168.1
2/1/2019,47.34,229992.8,15.4,212838.8,4.9,168.3
2/4/2019,47.349998,230037.8,15.4,212883.8,4.9,168.3
2/5/2019,47.259998,229633.2,15.4,212479.2,4.8,168
2/6/2019,47.48,230622.3,15.5,213468.3,4.9,168.7
2/7/2019,46.700001,227115.4,15.2,209961.4,4.8,166
2/8/2019,47.189999,229318.4,15.4,212164.4,4.8,167.7
2/11/2019,47.580002,231071.9,15.5,213917.9,4.9,169.1
2/12/2019,47.889999,232465.6,15.6,215311.6,4.9,170.2
2/13/2019,47.5,230712.2,15.5,213558.2,4.9,168.8
2/14/2019,48.400002,234758.5,15.7,217604.5,5,172
2/15/2019,49.43,239389.4,16.1,222235.4,5.1,175.7
2/19/2019,49.650002,234355.7,15.6,218560.7,5.4,17
2/20/2019,49.630001,234267.6,15.6,218472.6,5.4,17
2/21/2019,49.41,233299.2,15.6,217504.2,5.3,16.9
2/22/2019,50.110001,236380.6,15.8,220585.6,5.4,17.1
2/25/2019,50.790001,239374,16,223579,5.5,17.4
2/26/2019,51.18,241090.8,16.1,225295.8,5.5,17.5
2/27/2019,51.59,242895.6,16.2,227100.6,5.6,17.7
2/28/2019,51.77,243688,16.2,227893,5.6,17.7
3/1/2019,51.41,242103.2,16.1,226308.2,5.5,17.6
3/4/2019,51.16,241002.7,16.1,225207.7,5.5,17.5
3/5/2019,51.299999,241619,16.1,225824,5.5,17.6
3/6/2019,51.669998,243247.8,16.2,227452.8,5.6,17.7
3/7/2019,51.290001,241575,16.1,225780,5.5,17.5
3/8/2019,51.07,240606.6,16,224811.6,5.5,17.5
3/11/2019,51.919998,244348.3,16.3,228553.3,5.6,17.8
3/12/2019,52.150002,245360.7,16.4,229565.7,5.6,17.8
3/13/2019,52.59,247297.6,16.5,231502.6,5.7,18
3/14/2019,52.740002,247957.9,16.5,232162.9,5.7,18
3/15/2019,53.200001,249982.9,16.7,234187.9,5.7,18.2
3/18/2019,53.509998,251347.5,16.8,235552.5,5.8,18.3
3/19/2019,53.310001,250467.1,16.7,234672.1,5.8,18.2
3/20/2019,53.259998,250247,16.7,234452,5.7,18.2
3/21/2019,53.939999,253240.4,16.9,237445.4,5.8,18.5
3/22/2019,52.740002,247957.9,16.5,232162.9,5.7,18
3/25/2019,52.73,247913.9,16.5,232118.9,5.7,18
3/26/2019,53.23,250114.9,16.7,234319.9,5.7,18.2
3/27/2019,53.139999,249718.8,16.6,233923.8,5.7,18.2
3/28/2019,53.360001,250687.2,16.7,234892.2,5.8,18.3
3/29/2019,53.990002,253460.5,16.9,237665.5,5.8,18.5
4/1/2019,54.98,257818.5,17.2,242023.5,5.9,18.8
4/2/2019,55.290001,259183.1,17.3,243388.1,6,18.9
4/3/2019,55.630001,260679.8,17.4,244884.8,6,19
4/4/2019,55.139999,258522.8,17.2,242727.8,6,18.9
4/5/2019,55.209999,258831,17.3,243036,6,18.9
4/8/2019,55.490002,260063.5,17.3,244268.5,6,19
4/9/2019,55.18,258698.9,17.2,242903.9,6,18.9
4/10/2019,55.82,261516.2,17.4,245721.2,6,19.1
4/11/2019,55.599998,260547.7,17.4,244752.7,6,19
4/12/2019,56.290001,263585.1,17.6,247790.1,6.1,19.3
4/15/2019,56.560001,264773.7,17.6,248978.7,6.1,19.4
4/16/2019,56.950001,266490.5,17.8,250695.5,6.1,19.5
4/17/2019,56.310001,263673.2,17.6,247878.2,6.1,19.3
4/18/2019,56.400002,264069.4,17.6,248274.4,6.1,19.3
4/22/2019,56.34,263805.2,17.6,248010.2,6.1,19.3
4/23/2019,56.689999,265346,17.7,249551,6.1,19.4
4/24/2019,56.880001,266182.3,17.7,250387.3,6.1,19.5
4/25/2019,56.330002,263761.2,17.6,247966.2,6.1,19.3
4/26/2019,55.880001,261780.3,17.4,245985.3,6,19.1
4/29/2019,56.130001,262880.8,17.5,247085.8,6.1,19.2
4/30/2019,55.950001,262088.5,17.5,246293.5,6,19.1
5/1/2019,55.580002,260459.7,17.4,244664.7,6,19
5/2/2019,54.939999,257642.4,17.2,241847.4,5.9,18.8
5/3/2019,54.939999,257642.4,17.2,241847.4,5.9,18.8
5/6/2019,54.59,256101.7,17.1,240306.7,5.9,18.7
5/7/2019,53.450001,251083.4,16.7,235288.4,5.8,18.3
5/8/2019,53.470001,251171.4,16.7,235376.4,5.8,18.3
5/9/2019,52.919998,248750.3,16.6,232955.3,5.7,18.1
5/10/2019,53.360001,250687.2,16.7,234892.2,5.8,18.3
5/13/2019,51.299999,241619,16.1,225824,5.5,17.6
5/14/2019,52.02,244788.5,16.3,228993.5,5.6,17.8
5/15/2019,52.439999,246637.3,16.4,230842.3,5.7,17.9
5/16/2019,55.93,262000.4,17.5,246205.4,6,19.1
5/17/2019,56.349998,263849.3,17.6,248054.3,6.1,19.3
5/20/2019,56.009998,262352.6,17.5,246557.6,6,19.2
5/21/2019,56.52,255394,16.7,241947,6.6,18.3
5/22/2019,55.689999,251841,16.4,238394,6.5,18
5/23/2019,54.189999,245419.9,16,231972.9,6.3,17.5
5/24/2019,54.369999,246190.5,16.1,232743.5,6.3,17.6
5/28/2019,53.93,244306.9,15.9,230859.9,6.3,17.5
5/29/2019,53.18,241096.4,15.7,227649.4,6.2,17.2
5/30/2019,53.57,242765.9,15.8,229318.9,6.2,17.3
5/31/2019,52.029999,236173.5,15.4,222726.5,6.1,16.9
6/3/2019,51.779999,235103.4,15.3,221656.4,6,16.8
6/4/2019,53.23,241310.4,15.7,227863.4,6.2,17.2
6/5/2019,54.75,247817.1,16.2,234370.1,6.4,17.7
6/6/2019,55.099998,249315.4,16.3,235868.4,6.4,17.8
6/7/2019,55.93,252868.4,16.5,239421.4,6.5,18.1
6/10/2019,56.419998,254966,16.6,241519,6.6,18.3
6/11/2019,57.110001,257919.7,16.8,244472.7,6.6,18.5
6/12/2019,55.860001,252568.7,16.5,239121.7,6.5,18.1
6/13/2019,56.169998,253895.8,16.6,240448.8,6.5,18.2
6/14/2019,54.75,247817.1,16.2,234370.1,6.4,17.7
6/17/2019,55.400002,250599.6,16.3,237152.6,6.4,17.9
6/18/2019,56.049999,253382.1,16.5,239935.1,6.5,18.2
6/19/2019,56.130001,253724.5,16.5,240277.5,6.5,18.2
6/20/2019,57.41,259203.9,16.9,245756.9,6.7,18.6
6/21/2019,57.029999,257577.2,16.8,244130.2,6.6,18.5
6/24/2019,57.18,258219.3,16.8,244772.3,6.7,18.5
6/25/2019,56.080002,253510.5,16.5,240063.5,6.5,18.2
6/26/2019,56.599998,255736.5,16.7,242289.5,6.6,18.3
6/27/2019,55.73,252012.3,16.4,238565.3,6.5,18
6/28/2019,54.73,247731.5,16.2,234284.5,6.4,17.7
7/1/2019,54.740002,247774.3,16.2,234327.3,6.4,17.7
7/2/2019,55.810001,252354.7,16.5,238907.7,6.5,18.1
7/3/2019,56.48,255222.8,16.6,241775.8,6.6,18.3
7/5/2019,56.599998,255736.5,16.7,242289.5,6.6,18.3
7/8/2019,56.189999,253981.4,16.6,240534.4,6.5,18.2
7/9/2019,56.34,254623.5,16.6,241176.5,6.6,18.2
7/10/2019,57.130001,258005.3,16.8,244558.3,6.6,18.5
7/11/2019,57.299999,258733,16.9,245286,6.7,18.6
7/12/2019,57.950001,261515.5,17.1,248068.5,6.7,18.8
7/15/2019,58.049999,261943.6,17.1,248496.6,6.8,18.8
7/16/2019,57.619999,260102.8,17,246655.8,6.7,18.7
7/17/2019,57.209999,258347.7,16.8,244900.7,6.7,18.5
7/18/2019,57.740002,260616.5,17,247169.5,6.7,18.7
7/19/2019,57.360001,258989.8,16.9,245542.8,6.7,18.6
7/22/2019,57.73,260573.7,17,247126.7,6.7,18.7
7/23/2019,57.709999,260488.1,17,247041.1,6.7,18.7
7/24/2019,57.23,258433.4,16.8,244986.4,6.7,18.5
7/25/2019,56.619999,255822.1,16.7,242375.1,6.6,18.3
7/26/2019,56.529999,255436.8,16.7,241989.8,6.6,18.3
7/29/2019,56.93,257149.1,16.8,243702.1,6.6,18.4
7/30/2019,56.470001,255180,16.6,241733,6.6,18.3
7/31/2019,55.400002,250599.6,16.3,237152.6,6.4,17.9
8/1/2019,55.389999,250556.8,16.3,237109.8,6.4,17.9
8/2/2019,53.25,241396,15.7,227949,6.2,17.2
8/5/2019,51.369999,233348.3,15.2,219901.3,6,16.6
8/6/2019,52.599998,238613.6,15.6,225166.6,6.1,17
8/7/2019,52.34,237500.6,15.5,224053.6,6.1,17
8/8/2019,53.16,241010.8,15.7,227563.8,6.2,17.2
8/9/2019,52.43,237885.8,15.5,224438.8,6.1,17
8/12/2019,51.540001,234076,15.3,220629,6,16.7
8/13/2019,52.720001,239127.2,15.6,225680.2,6.1,17.1
8/14/2019,50.610001,230094.9,15,216647.9,5.9,16.4
8/15/2019,46.25,211430.9,13.8,197983.9,5.4,15
8/16/2019,46.959999,214470.2,14,201023.2,5.5,15.2
8/19/2019,48.5,221062.6,14.4,207615.6,5.6,15.7
8/20/2019,47.93,218622.5,14.3,205175.5,5.6,15.5
8/21/2019,48.77,222218.3,14.5,208771.3,5.7,15.8
8/22/2019,48.18,219692.7,14.3,206245.7,5.6,15.6
8/23/2019,46.610001,212972,13.9,199525,5.4,15.1
8/26/2019,47.099998,215069.5,14,201622.5,5.5,15.3
8/27/2019,46.790001,213742.5,13.9,200295.5,5.4,15.2
8/28/2019,46.869999,214085,14,200638,5.5,15.2
8/29/2019,47.27,215797.2,14.1,202350.2,5.5,15.3
8/30/2019,46.810001,213828.1,13.9,200381.1,5.4,15.2
9/3/2019,46.5,212501.1,13.9,199054.1,5.4,15.1
9/4/2019,47.32,216011.3,14.1,202564.3,5.5,15.3
9/5/2019,48.419998,218473,14.2,205557,6.1,17.7
9/6/2019,48.84,220256,14.3,207340,6.2,17.8
9/9/2019,48.580002,219152.2,14.2,206236.2,6.1,17.7
9/10/2019,49.209999,221826.7,14.4,208910.7,6.2,18
9/11/2019,50.029999,225307.9,14.6,212391.9,6.3,18.3
9/12/2019,49.93,224883.3,14.6,211967.3,6.3,18.2
9/13/2019,50.029999,225307.9,14.6,212391.9,6.3,18.3
9/16/2019,49.959999,225010.7,14.6,212094.7,6.3,18.3
9/17/2019,49.41,222675.8,14.4,209759.8,6.2,18.1
9/18/2019,49.34,222378.6,14.4,209462.6,6.2,18
9/19/2019,49.189999,221741.8,14.4,208825.8,6.2,18
9/20/2019,49.599998,223482.4,14.5,210566.4,6.3,18.1
9/23/2019,49.419998,222718.2,14.4,209802.2,6.2,18.1
9/24/2019,49.119999,221444.7,14.4,208528.7,6.2,17.9
9/25/2019,49.610001,223503.6,14.5,210587.6,6.3,18.1
9/26/2019,48.830002,220213.5,14.3,207297.5,6.2,17.8
9/27/2019,48.84,220256,14.3,207340,6.2,17.8
9/30/2019,49.41,222675.8,14.4,209759.8,6.2,18.1
10/1/2019,47.740002,215586.2,14,202670.2,6,17.4
10/2/2019,46.560001,210576.7,13.6,197660.7,5.9,17
10/3/2019,47.060001,212699.4,13.8,199783.4,6,17.2
10/4/2019,47.52,214652.2,13.9,201736.2,6,17.4
10/7/2019,47.77,215713.5,14,202797.5,6,17.5
10/8/2019,46.389999,209855,13.6,196939,5.9,16.9
10/9/2019,46.84,211765.4,13.7,198849.4,5.9,17.1
10/10/2019,46.150002,208836.1,13.5,195920.1,5.8,16.9
10/11/2019,46.560001,210576.7,13.6,197660.7,5.9,17
10/14/2019,46.049999,208411.6,13.5,195495.6,5.8,16.8
10/15/2019,46.360001,209727.7,13.6,196811.7,5.9,16.9
10/16/2019,46.790001,211553.1,13.7,198637.1,5.9,17.1
10/17/2019,47.029999,212572,13.8,199656,5.9,17.2
10/18/2019,46.709999,211213.5,13.7,198297.5,5.9,17.1
10/21/2019,47.389999,214100.3,13.9,201184.3,6,17.3
10/22/2019,47.549999,214779.6,13.9,201863.6,6,17.4
10/23/2019,47.049999,212656.9,13.8,199740.9,5.9,17.2
10/24/2019,46.41,209939.9,13.6,197023.9,5.9,17
10/25/2019,46.900002,212020.1,13.7,199104.1,5.9,17.1
10/28/2019,47.169998,213166.3,13.8,200250.3,6,17.2
10/29/2019,47.240002,213463.5,13.8,200547.5,6,17.3
10/30/2019,47.560001,214822,13.9,201906,6,17.4
10/31/2019,47.509998,214609.7,13.9,201693.7,6,17.4
11/1/2019,47.029999,212572,13.8,199656,5.9,17.2
11/4/2019,47.48,214482.4,13.9,201566.4,6,17.3
11/5/2019,47.759998,215671.1,14,202755.1,6,17.4
11/6/2019,48.27,217836.2,14.1,204920.2,6.1,17.6
11/7/2019,48.419998,218473,14.2,205557,6.1,17.7
11/8/2019,48.830002,220213.5,14.3,207297.5,6.2,17.8
11/11/2019,48.099998,217114.5,14.1,204198.5,6.1,17.6
11/12/2019,48.369999,218260.7,14.1,205344.7,6.1,17.7
11/13/2019,48.459999,218642.8,14.2,205726.8,6.1,17.7
11/14/2019,44.91,203572,13.2,190656,5.7,16.4
11/15/2019,45.09,204336.1,13.2,191420.1,5.7,16.5
11/18/2019,45.150002,204590.9,13.3,191674.9,5.7,16.5
11/19/2019,45.470001,202805.7,13.4,192895.7,5.6,17.5
11/20/2019,45.080002,201151.2,13.3,191241.2,5.6,17.4
11/21/2019,44.84,200133.1,13.2,190223.1,5.5,17.3
11/22/2019,44.849998,200175.5,13.2,190265.5,5.5,17.3
11/25/2019,45.450001,202720.8,13.4,192810.8,5.6,17.5
11/26/2019,45.310001,202126.9,13.3,192216.9,5.6,17.5
11/27/2019,45.240002,201830,13.3,191920,5.6,17.5
11/29/2019,45.310001,202126.9,13.3,192216.9,5.6,17.5
12/2/2019,44.700001,199539.1,13.2,189629.1,5.5,17.2
12/3/2019,44.279999,197757.4,13,187847.4,5.5,17.1
12/4/2019,43.889999,196102.9,12.9,186192.9,5.4,16.9
12/5/2019,43.52,194533.3,12.8,184623.3,5.4,16.8
12/6/2019,43.84,195890.8,12.9,185980.8,5.4,16.9
12/9/2019,43.900002,196145.3,12.9,186235.3,5.4,16.9
12/10/2019,44.099998,196993.8,13,187083.8,5.4,17
12/11/2019,44.279999,197757.4,13,187847.4,5.5,17.1
12/12/2019,45.669998,203654.1,13.4,193744.1,5.6,17.6
12/13/2019,45.299999,202084.5,13.3,192174.5,5.6,17.5
12/16/2019,45.98,204969.2,13.5,195059.2,5.7,17.7
12/17/2019,46.439999,206920.7,13.6,197010.7,5.7,17.9
12/18/2019,46.639999,207769.1,13.7,197859.1,5.7,18
12/19/2019,47.880001,213029.5,14,203119.5,5.9,18.5
12/20/2019,47.450001,211205.4,13.9,201295.4,5.8,18.3
12/23/2019,48.099998,213962.8,14.1,204052.8,5.9,18.6
12/24/2019,47.779999,212605.3,14,202695.3,5.9,18.4
12/26/2019,47.849998,212902.3,14,202992.3,5.9,18.5
12/27/2019,47.77,212562.9,14,202652.9,5.9,18.4
12/30/2019,47.59,211799.3,14,201889.3,5.9,18.4
12/31/2019,47.959999,213368.9,14.1,203458.9,5.9,18.5
1/2/2020,48.419998,215320.4,14.2,205410.4,6,18.7
1/3/2020,47.630001,211969,14,202059,5.9,18.4
1/6/2020,47.799999,212690.2,14,202780.2,5.9,18.4
1/7/2020,47.490002,211375,13.9,201465,5.9,18.3
1/8/2020,47.52,211502.3,13.9,201592.3,5.9,18.3
1/9/2020,47.32,210653.9,13.9,200743.9,5.8,18.3
1/10/2020,47.130001,209847.8,13.8,199937.8,5.8,18.2
1/13/2020,47.970001,213411.3,14.1,203501.3,5.9,18.5
1/14/2020,47.790001,212647.7,14,202737.7,5.9,18.4
1/15/2020,48.009998,213581,14.1,203671,5.9,18.5
1/16/2020,49.049999,217993,14.4,208083,6,18.9
1/17/2020,49.02,217865.7,14.4,207955.7,6,18.9
1/21/2020,48.799999,216932.4,14.3,207022.4,6,18.8
1/22/2020,49.07,218035.4,14.4,208125.4,6,18.9
1/23/2020,49,217780.9,14.4,207870.9,6,18.9
1/24/2020,48.849998,217144.5,14.3,207234.5,6,18.8
1/27/2020,47.470001,211290.2,13.9,201380.2,5.9,18.3
1/28/2020,47.77,212562.9,14,202652.9,5.9,18.4
1/29/2020,47.049999,209508.5,13.8,199598.5,5.8,18.1
1/30/2020,47.240002,210314.5,13.9,200404.5,5.8,18.2
1/31/2020,45.970001,204926.8,13.5,195016.8,5.7,17.7
2/3/2020,46.529999,207302.5,13.7,197392.5,5.7,17.9
2/4/2020,47.619999,211926.5,14,202016.5,5.9,18.4
2/5/2020,48.450001,215447.6,14.2,205537.6,6,18.7
2/6/2020,48.689999,216465.8,14.3,206555.8,6,18.8
2/7/2020,47.970001,213411.3,14.1,203501.3,5.9,18.5
2/10/2020,48.869999,217229.4,14.3,207319.4,6,18.9
2/11/2020,49.130001,218332.4,14.4,208422.4,6.1,19
2/12/2020,49.93,221726.2,14.6,211816.2,6.2,19.3
2/13/2020,47.32,210653.9,13.9,200743.9,5.8,18.3
2/14/2020,46.970001,209169.1,13.8,199259.1,5.8,18.1
2/18/2020,46.59,205100.6,13.4,197582.6,5.6,17.9
2/19/2020,46.290001,203828.3,13.3,196310.3,5.5,17.8
2/20/2020,46.849998,206203.2,13.5,198685.2,5.6,18
2/21/2020,46.299999,203849.5,13.3,196331.5,5.5,17.8
2/24/2020,44,194116.7,12.7,186598.7,5.3,16.9
2/25/2020,42.740002,188773.2,12.3,181255.2,5.1,16.4
2/26/2020,42.16,186313.5,12.2,178795.5,5,16.2
2/27/2020,40.040001,177322.8,11.6,169804.8,4.8,15.4
2/28/2020,39.93,176856.3,11.6,169338.3,4.8,15.3
3/2/2020,41.169998,182115,11.9,174597,4.9,15.8
3/3/2020,40.040001,177322.8,11.6,169804.8,4.8,15.4
3/4/2020,41.389999,183048,12,175530,4.9,15.9
3/5/2020,39.57,175329.6,11.5,167811.6,4.7,15.2
3/6/2020,39.68,175796.1,11.5,168278.1,4.7,15.2
3/9/2020,37.959999,168501.8,11,160983.8,4.5,14.6
3/10/2020,40.080002,177492.5,11.6,169974.5,4.8,15.4
3/11/2020,37.049999,164642.6,10.8,157124.6,4.4,14.2
3/12/2020,33.200001,148315.2,9.7,140797.2,4,12.7
3/13/2020,37.639999,167144.7,10.9,159626.7,4.5,14.4
3/16/2020,33.709999,150478.1,9.8,142960.1,4,12.9
3/17/2020,35.5,158069.2,10.3,150551.2,4.2,13.6
3/18/2020,37.119999,164939.5,10.8,157421.5,4.4,14.2
3/19/2020,37.709999,167441.6,11,159923.6,4.5,14.5
3/20/2020,35.599998,158493.3,10.4,150975.3,4.2,13.7
3/23/2020,34.599998,154252.5,10.1,146734.5,4.1,13.3
3/24/2020,38.599998,171216,11.2,163698,4.6,14.8
3/25/2020,37.669998,167272,10.9,159754,4.5,14.5
3/26/2020,40.580002,179612.9,11.7,172094.9,4.8,15.6
3/27/2020,38.82,172149,11.3,164631,4.6,14.9
3/30/2020,40.32,178510.3,11.7,170992.3,4.8,15.5
3/31/2020,39.310001,174227,11.4,166709,4.7,15.1
4/1/2020,38.330002,170070.9,11.1,162552.9,4.6,14.7
4/2/2020,39.799999,176305,11.5,168787,4.8,15.3
4/3/2020,39.060001,173166.8,11.3,165648.8,4.7,15
4/6/2020,41.43,183217.7,12,175699.7,4.9,15.9
4/7/2020,40.639999,179867.4,11.8,172349.4,4.9,15.6
4/8/2020,41.740002,184532.3,12.1,177014.3,5,16
4/9/2020,41.200001,182242.3,11.9,174724.3,4.9,15.8
4/13/2020,41.220001,182327.1,11.9,174809.1,4.9,15.8
4/14/2020,42.779999,188942.9,12.4,181424.9,5.1,16.4
4/15/2020,41.52,183599.3,12,176081.3,5,15.9
4/16/2020,41.5,183514.5,12,175996.5,5,15.9
4/17/2020,42.48,187670.6,12.3,180152.6,5.1,16.3
4/20/2020,42.540001,187925,12.3,180407,5.1,16.3
4/21/2020,40.549999,179485.7,11.7,171967.7,4.8,15.6
4/22/2020,41.759998,184617.2,12.1,177099.2,5,16
4/23/2020,41.619999,184023.4,12,176505.4,5,16
4/24/2020,42.52,187840.2,12.3,180322.2,5.1,16.3
4/27/2020,43.060001,190130.3,12.4,182612.3,5.1,16.5
4/28/2020,42.490002,187713,12.3,180195,5.1,16.3
4/29/2020,43.34,191317.7,12.5,183799.7,5.2,16.6
4/30/2020,42.380001,187246.5,12.2,179728.5,5.1,16.3
5/1/2020,40.919998,181054.8,11.8,173536.8,4.9,15.7
5/4/2020,41.349998,182878.4,12,175360.4,4.9,15.9
5/5/2020,41.459999,183344.9,12,175826.9,4.9,15.9
5/6/2020,41.150002,182030.2,11.9,174512.2,4.9,15.8
5/7/2020,41.369999,182963.2,12,175445.2,4.9,15.9
5/8/2020,42.990002,189833.4,12.4,182315.4,5.1,16.5
5/11/2020,43.32,191232.9,12.5,183714.9,5.2,16.6
5/12/2020,43.220001,190808.8,12.5,183290.8,5.2,16.6
5/13/2020,41.950001,185422.9,12.1,177904.9,5,16.1
5/14/2020,43.849998,193480.6,12.7,185962.6,5.2,16.8
5/15/2020,44.27,195261.8,12.8,187743.8,5.3,17
5/18/2020,45.060001,195974.7,13,190256.7,5.3,17.6
5/19/2020,44.610001,194053.5,12.9,188335.5,5.3,17.5
5/20/2020,45.439999,197579.1,13.1,191861.1,5.4,17.8
5/21/2020,44.639999,194201.3,12.9,188483.3,5.3,17.5
5/22/2020,44.900002,195299.1,13,189581.1,5.3,17.6
5/26/2020,44.84,195045.8,13,189327.8,5.3,17.6
5/27/2020,45.959999,199774.7,13.3,194056.7,5.4,18
5/28/2020,45.599998,198233.6,13.2,192515.6,5.4,17.9
5/29/2020,47.82,207628.2,13.8,201910.2,5.7,18.7
6/1/2020,46.299999,201210.3,13.4,195492.3,5.5,18.1
6/2/2020,46.889999,203701.5,13.5,197983.5,5.5,18.4
6/3/2020,46.939999,203912.6,13.6,198194.6,5.6,18.4
6/4/2020,46.860001,203574.8,13.5,197856.8,5.5,18.3
6/5/2020,47.830002,207670.4,13.8,201952.4,5.7,18.7
6/8/2020,48.130001,208937.1,13.9,203219.1,5.7,18.8
6/9/2020,48.049999,208599.3,13.9,202881.3,5.7,18.8
6/10/2020,47.419998,205939.3,13.7,200221.3,5.6,18.6
6/11/2020,43.669998,190105.7,12.6,184387.7,5.2,17.1
6/12/2020,45.07,196016.9,13,190298.9,5.3,17.6
6/15/2020,45.349998,197199.1,13.1,191481.1,5.4,17.8
6/16/2020,46.48,201970.3,13.4,196252.3,5.5,18.2
6/17/2020,46.169998,200661.4,13.3,194943.4,5.5,18.1
6/18/2020,45.830002,199225.8,13.2,193507.8,5.4,17.9
6/19/2020,45.32,197072.5,13.1,191354.5,5.4,17.7
6/22/2020,45.16,196396.9,13.1,190678.9,5.3,17.7
6/23/2020,45.470001,197705.8,13.1,191987.8,5.4,17.8
6/24/2020,44.75,194665.8,12.9,188947.8,5.3,17.5
6/25/2020,45.220001,196650.2,13.1,190932.2,5.3,17.7
6/26/2020,46.310001,201252.5,13.4,195534.5,5.5,18.1
6/29/2020,46.150002,200577,13.3,194859,5.5,18.1
6/30/2020,46.639999,202645.9,13.5,196927.9,5.5,18.3
7/1/2020,46.060001,198676.9,13.2,192958.9,5.4,17.9
7/2/2020,45.630001,198381.4,13.2,192663.4,5.4,17.9
7/6/2020,46.419998,201717,13.4,195999,5.5,18.2
7/7/2020,45.630001,198381.4,13.2,192663.4,5.4,17.9
7/8/2020,45.810001,199141.4,13.2,193423.4,5.4,17.9
7/9/2020,46.700001,202899.2,13.5,197181.2,5.5,18.3
7/10/2020,46.66,202730.3,13.5,197012.3,5.5,18.3
7/13/2020,45.93,199648.1,13.3,193930.1,5.4,18
7/14/2020,46.259998,201041.4,13.4,195323.4,5.5,18.1
7/15/2020,46.400002,201632.5,13.4,195914.5,5.5,18.2
7/16/2020,45.779999,199014.7,13.2,193296.7,5.4,17.9
7/17/2020,46.75,203110.3,13.5,197392.3,5.5,18.3
7/20/2020,46.970001,204039.3,13.6,198321.3,5.6,18.4
7/21/2020,47.02,204250.4,13.6,198532.4,5.6,18.4
7/22/2020,46.900002,203743.7,13.5,198025.7,5.5,18.4
7/23/2020,47.41,205897.1,13.7,200179.1,5.6,18.6
7/24/2020,46.400002,201632.5,13.4,195914.5,5.5,18.2
7/27/2020,47.189999,204968.2,13.6,199250.2,5.6,18.5
7/28/2020,46.279999,201125.9,13.4,195407.9,5.5,18.1
7/29/2020,46.709999,202941.5,13.5,197223.5,5.5,18.3
7/30/2020,46.439999,201801.4,13.4,196083.4,5.5,18.2
7/31/2020,47.099998,204588.2,13.6,198870.2,5.6,18.4
8/3/2020,47.16,204841.5,13.6,199123.5,5.6,18.5
8/4/2020,47.669998,206994.9,13.8,201276.9,5.6,18.7
8/5/2020,47.330002,205559.3,13.7,199841.3,5.6,18.5
8/6/2020,47.77,207417.1,13.8,201699.1,5.6,18.7
8/7/2020,47.43,205981.5,13.7,200263.5,5.6,18.6
8/10/2020,47.73,207248.2,13.8,201530.2,5.6,18.7
8/11/2020,47.189999,204968.2,13.6,199250.2,5.6,18.5
8/12/2020,48.099998,208810.4,13.9,203092.4,5.7,18.8
8/13/2020,42.720001,186094.5,12.4,180376.5,5.1,16.7
8/14/2020,42.5,185165.6,12.3,179447.6,5,16.6
8/17/2020,42.09,183434.4,12.2,177716.4,5,16.5
8/18/2020,41.98,182970,12.2,177252,5,16.4
8/19/2020,41.869999,182505.5,12.1,176787.5,5,16.4
8/20/2020,42.310001,184363.4,12.3,178645.4,5,16.6
8/21/2020,42.25,184110,12.2,178392,5,16.5
8/24/2020,42.18,183814.5,12.2,178096.5,5,16.5
8/25/2020,41.959999,182885.5,12.2,177167.5,5,16.4
8/26/2020,42.25,184110,12.2,178392,5,16.5
8/27/2020,42.290001,184278.9,12.3,178560.9,5,16.6
8/28/2020,42.200001,183898.9,12.2,178180.9,5,16.5
8/31/2020,42.220001,183983.3,12.2,178265.3,5,16.5
9/1/2020,42.029999,183181.1,12.2,177463.1,5,16.5
9/2/2020,42.419998,184827.8,12.3,179109.8,5,16.6
9/3/2020,40.950001,176132.8,12.1,173358.8,4.6,15.5
9/4/2020,40.82,175582.4,12.1,172808.4,4.6,15.4
9/8/2020,40,172111,11.8,169337,4.5,15.1
9/9/2020,40.130001,172661.4,11.9,169887.4,4.5,15.1
9/10/2020,39.57,170290.6,11.7,167516.6,4.4,14.9
9/11/2020,39.880001,171603,11.8,168829,4.5,15.1
9/14/2020,40.369999,173677.4,11.9,170903.4,4.5,15.2
9/15/2020,40.599998,174651.1,12,171877.1,4.5,15.3
9/16/2020,40.419998,173889.1,11.9,171115.1,4.5,15.3
9/17/2020,40.369999,173677.4,11.9,170903.4,4.5,15.2
9/18/2020,39.810001,171306.7,11.8,168532.7,4.4,15
9/21/2020,39.040001,168046.9,11.5,165272.9,4.4,14.7
9/22/2020,39.32,169232.3,11.6,166458.3,4.4,14.8
9/23/2020,38.279999,164829.5,11.3,162055.5,4.3,14.5
9/24/2020,37.849998,163009.1,11.2,160235.1,4.2,14.3
9/25/2020,38.450001,165549.2,11.4,162775.2,4.3,14.5
9/28/2020,39.130001,168427.9,11.6,165653.9,4.4,14.8
9/29/2020,39.060001,168131.6,11.6,165357.6,4.4,14.7
9/30/2020,39.389999,169528.6,11.6,166754.6,4.4,14.9
10/1/2020,38.799999,167030.9,11.5,164256.9,4.3,14.6
10/2/2020,38.27,164787.2,11.3,162013.2,4.3,14.4
10/5/2020,38.57,166057.2,11.4,163283.2,4.3,14.6
10/6/2020,38.57,166057.2,11.4,163283.2,4.3,14.6
10/7/2020,39.400002,169571,11.7,166797,4.4,14.9
10/8/2020,39.790001,171222,11.8,168448,4.4,15
10/9/2020,39.849998,171476,11.8,168702,4.4,15
10/12/2020,40.360001,173635,11.9,170861,4.5,15.2
10/13/2020,39.810001,171306.7,11.8,168532.7,4.4,15
10/14/2020,39.889999,171645.3,11.8,168871.3,4.5,15.1
10/15/2020,39.970001,171984,11.8,169210,4.5,15.1
10/16/2020,40.16,172788.4,11.9,170014.4,4.5,15.2
10/19/2020,39.299999,169147.6,11.6,166373.6,4.4,14.8
10/20/2020,39.200001,168724.3,11.6,165950.3,4.4,14.8
10/21/2020,39.060001,168131.6,11.6,165357.6,4.4,14.7
10/22/2020,38.82,167115.6,11.5,164341.6,4.3,14.7
10/23/2020,38.82,167115.6,11.5,164341.6,4.3,14.7
10/26/2020,37.669998,162247.1,11.1,159473.1,4.2,14.2
10/27/2020,36.869999,158860.4,10.9,156086.4,4.1,13.9
10/28/2020,35.709999,153949.6,10.6,151175.6,4,13.5
10/29/2020,35.689999,153864.9,10.6,151090.9,4,13.5
10/30/2020,35.900002,154754,10.6,151980,4,13.6
